name,character,game,location
The Visionary Fortune-teller,Kiryu Kazuma,Yakuza 0,Kamurocho
Arakure Quest,Kiryu Kazuma,Yakuza 0,Kamurocho
Passport To Pizza,Kiryu Kazuma,Yakuza 0,Kamurocho
Kamurocho Undercover,Kiryu Kazuma,Yakuza 0,Kamurocho
The Human Trafficking Ring,Kiryu Kazuma,Yakuza 0,Kamurocho
Damned Yanki,Kiryu Kazuma,Yakuza 0,Kamurocho
How To Train Your Dominatrix,Kiryu Kazuma,Yakuza 0,Kamurocho
Password Protected,Kiryu Kazuma,Yakuza 0,Kamurocho
The Show Must Go On,Kiryu Kazuma,Yakuza 0,Kamurocho
Sugar Daddy,Kiryu Kazuma,Yakuza 0,Kamurocho
The Shrink-Wrapped Dream,Kiryu Kazuma,Yakuza 0,Kamurocho
Miracle on Tenkaichi Street,Kiryu Kazuma,Yakuza 0,Kamurocho
The Tax Lady,Kiryu Kazuma,Yakuza 0,Kamurocho
Destiny Calls,Kiryu Kazuma,Yakuza 0,Kamurocho
Help Wanted!,Kiryu Kazuma,Yakuza 0,Kamurocho
Help Wanted! Again...,Kiryu Kazuma,Yakuza 0,Kamurocho
Underneath it All,Kiryu Kazuma,Yakuza 0,Kamurocho
Beyond the Door,Kiryu Kazuma,Yakuza 0,Kamurocho
Heir to the Family,Kiryu Kazuma,Yakuza 0,Kamurocho
A Shining Example,Kiryu Kazuma,Yakuza 0,Kamurocho
First Impressions,Kiryu Kazuma,Yakuza 0,Kamurocho
A Watery Investment,Kiryu Kazuma,Yakuza 0,Kamurocho
Miracle in Maharaja,Kiryu Kazuma,Yakuza 0,Kamurocho
The Girl in the Video,Kiryu Kazuma,Yakuza 0,Kamurocho
Postcard Rookie - Kiryu,Kiryu Kazuma,Yakuza 0,Kamurocho
Postcard Pro - Kiryu,Kiryu Kazuma,Yakuza 0,Kamurocho
Postcard Master - Kiryu,Kiryu Kazuma,Yakuza 0,Kamurocho
Don't Dance Alone,Kiryu Kazuma,Yakuza 0,Kamurocho
Technique to Die For,Kiryu Kazuma,Yakuza 0,Kamurocho
Maharaja Showdown,Kiryu Kazuma,Yakuza 0,Kamurocho
The Innocent Hook-up,Kiryu Kazuma,Yakuza 0,Kamurocho
The Sexy Hook-up,Kiryu Kazuma,Yakuza 0,Kamurocho
The Flirty Hook-up,Kiryu Kazuma,Yakuza 0,Kamurocho
Sakura Shock,Kiryu Kazuma,Yakuza 0,Kamurocho
Verbal Warning,Kiryu Kazuma,Yakuza 0,Kamurocho
I Am Kazuma-kun,Kiryu Kazuma,Yakuza 0,Kamurocho
The Rocky Road of Romance,Kiryu Kazuma,Yakuza 0,Kamurocho
Gift of Love,Kiryu Kazuma,Yakuza 0,Kamurocho
Suspicion of Perversion,Kiryu Kazuma,Yakuza 0,Kamurocho
The Prodigious Racer,Kiryu Kazuma,Yakuza 0,Kamurocho
The Woman They Call Professor,Kiryu Kazuma,Yakuza 0,Kamurocho
The Greatest Glory,Kiryu Kazuma,Yakuza 0,Kamurocho
The Fighter's Crown,Kiryu Kazuma,Yakuza 0,Kamurocho
The Predator's Call,Kiryu Kazuma,Yakuza 0,Kamurocho
A Mother's Touch,Kiryu Kazuma,Yakuza 0,Kamurocho
The Stop-and-Search Specialist,Kiryu Kazuma,Yakuza 0,Kamurocho
The Mushroom Merchant,Kiryu Kazuma,Yakuza 0,Kamurocho
Kamurocho's Mr. Libido,Kiryu Kazuma,Yakuza 0,Kamurocho
Kamurocho's Mr. Moneybags,Kiryu Kazuma,Yakuza 0,Kamurocho
Pocket Circuit Fighter!,Kiryu Kazuma,Yakuza 0,Kamurocho
"Miho, Convenience Store Clerk",Kiryu Kazuma,Yakuza 0,Kamurocho
"Emiri, Mach Bowl Receptionist",Kiryu Kazuma,Yakuza 0,Kamurocho
Sushi Gin's Chef,Kiryu Kazuma,Yakuza 0,Kamurocho
Luka at SEGA HI-TECH LAND,Kiryu Kazuma,Yakuza 0,Kamurocho
Bacchus's Training,Kiryu Kazuma,Yakuza 0,Kamurocho
Kamoji's Training,Kiryu Kazuma,Yakuza 0,Kamurocho
Miss Tatsu's Training,Kiryu Kazuma,Yakuza 0,Kamurocho
Apex Predator,Kiryu Kazuma,Yakuza 0,Kamurocho
A Dream Unfulfilled,Kiryu Kazuma,Yakuza 0,Kamurocho
The Head of the Clan,Kiryu Kazuma,Yakuza 0,Kamurocho
From the Heart,Majima Goro,Yakuza 0,Sotenbori
The Entertainer's Throne,Majima Goro,Yakuza 0,Sotenbori
Rise of the Dragon,Majima Goro,Yakuza 0,Sotenbori
Be My Boyfriend,Majima Goro,Yakuza 0,Sotenbori
Man With a Stranger's Face,Majima Goro,Yakuza 0,Sotenbori
Disciple of the New Order,Majima Goro,Yakuza 0,Sotenbori
Calling the Future,Majima Goro,Yakuza 0,Sotenbori
A Taxing Issue,Majima Goro,Yakuza 0,Sotenbori
Crossed Words,Majima Goro,Yakuza 0,Sotenbori
Stadium Jumper Strut,Majima Goro,Yakuza 0,Sotenbori
Postcard Rookie - Majima,Majima Goro,Yakuza 0,Sotenbori
Postcard Pro - Majima,Majima Goro,Yakuza 0,Sotenbori
Postcard Master - Majima,Majima Goro,Yakuza 0,Sotenbori
The 10 Million Drug Test,Majima Goro,Yakuza 0,Sotenbori
Errands on the Run,Majima Goro,Yakuza 0,Sotenbori
Toilet Talk,Majima Goro,Yakuza 0,Sotenbori
The Obatarian Strikes,Majima Goro,Yakuza 0,Sotenbori
Party at Maharaja,Majima Goro,Yakuza 0,Sotenbori
Disco Transformation,Majima Goro,Yakuza 0,Sotenbori
Disco Dancing Goddess,Majima Goro,Yakuza 0,Sotenbori
Paternal Instincts,Majima Goro,Yakuza 0,Sotenbori
A Moment Shared,Majima Goro,Yakuza 0,Sotenbori
Of Love and Ramen,Majima Goro,Yakuza 0,Sotenbori
The First Friend,Majima Goro,Yakuza 0,Sotenbori
A Little Brotherly Love,Majima Goro,Yakuza 0,Sotenbori
Dream Chaser,Majima Goro,Yakuza 0,Sotenbori
Mystery Caller,Majima Goro,Yakuza 0,Sotenbori
Sotenbori's Mr. Moneybags,Majima Goro,Yakuza 0,Sotenbori
Sotenbori's Mr. Libido,Majima Goro,Yakuza 0,Sotenbori
The Doll Girl,Majima Goro,Yakuza 0,Sotenbori
Komian's Chef,Majima Goro,Yakuza 0,Sotenbori
STIJL's Barkeep,Majima Goro,Yakuza 0,Sotenbori
Gandhara's Clerk,Majima Goro,Yakuza 0,Sotenbori
Kyoko at SEGA HI-TECH LAND,Majima Goro,Yakuza 0,Sotenbori
Sparring with Komeki,Majima Goro,Yakuza 0,Sotenbori
Fei Hu's Training,Majima Goro,Yakuza 0,Sotenbori
Areshi's Training,Majima Goro,Yakuza 0,Sotenbori
Play-Money Shakedown,Majima Goro,Yakuza 0,Sotenbori
The Ultimate Plan,Majima Goro,Yakuza 0,Sotenbori
Sotenbori in Peril,Majima Goro,Yakuza 0,Sotenbori
The Price of an F-Cup,Kiryu Kazuma,Yakuza Kiwami,Kamurocho
My Baby's a Showgirl,Kiryu Kazuma,Yakuza Kiwami,Kamurocho
Bet On a Champ,Kiryu Kazuma,Yakuza Kiwami,Kamurocho
The Yakuza's Wife,Kiryu Kazuma,Yakuza Kiwami,Kamurocho
A Doctor's Duty,Kiryu Kazuma,Yakuza Kiwami,Kamurocho
The Fake Mizuki's Truth,Kiryu Kazuma,Yakuza Kiwami,Kamurocho
Man on a Ledge,Kiryu Kazuma,Yakuza Kiwami,Kamurocho
Molestation Accusation,Kiryu Kazuma,Yakuza Kiwami,Kamurocho
The Stalker,Kiryu Kazuma,Yakuza Kiwami,Kamurocho
Dine and Dash,Kiryu Kazuma,Yakuza Kiwami,Kamurocho
The Price of a Palm-Reading,Kiryu Kazuma,Yakuza Kiwami,Kamurocho
The Toll Collector,Kiryu Kazuma,Yakuza Kiwami,Kamurocho
Pay it Forward,Kiryu Kazuma,Yakuza Kiwami,Kamurocho
The Yakuza Hater,Kiryu Kazuma,Yakuza Kiwami,Kamurocho
The Bouncer,Kiryu Kazuma,Yakuza Kiwami,Kamurocho
Collection Call,Kiryu Kazuma,Yakuza Kiwami,Kamurocho
Bump and Scam,Kiryu Kazuma,Yakuza Kiwami,Kamurocho
Bump and Scam: Revenge,Kiryu Kazuma,Yakuza Kiwami,Kamurocho
Bump and Scam: Three Strikes,Kiryu Kazuma,Yakuza Kiwami,Kamurocho
Bump and Scam: Epilogue,Kiryu Kazuma,Yakuza Kiwami,Kamurocho
Con-tacts,Kiryu Kazuma,Yakuza Kiwami,Kamurocho
The Little Match Girl,Kiryu Kazuma,Yakuza Kiwami,Kamurocho
The Crane Game,Kiryu Kazuma,Yakuza Kiwami,Kamurocho
Prodigal Son,Kiryu Kazuma,Yakuza Kiwami,Kamurocho
Bowling Battle,Kiryu Kazuma,Yakuza Kiwami,Kamurocho
The Drunkard,Kiryu Kazuma,Yakuza Kiwami,Kamurocho
Handbag Hunt,Kiryu Kazuma,Yakuza Kiwami,Kamurocho
Under Suspicion,Kiryu Kazuma,Yakuza Kiwami,Kamurocho
The Heart of Vandalism,Kiryu Kazuma,Yakuza Kiwami,Kamurocho
The Yakuza's Apprentice,Kiryu Kazuma,Yakuza Kiwami,Kamurocho
The Yakuza's Apprentice II,Kiryu Kazuma,Yakuza Kiwami,Kamurocho
The Yakuza's Apprentice III,Kiryu Kazuma,Yakuza Kiwami,Kamurocho
The Yakuza's Apprentice IV,Kiryu Kazuma,Yakuza Kiwami,Kamurocho
Man Scout,Kiryu Kazuma,Yakuza Kiwami,Kamurocho
The Truth About Beauty,Kiryu Kazuma,Yakuza Kiwami,Kamurocho
Professional Brawler,Kiryu Kazuma,Yakuza Kiwami,Kamurocho
Gangbusters,Kiryu Kazuma,Yakuza Kiwami,Kamurocho
Pick Pocket Pursuit,Kiryu Kazuma,Yakuza Kiwami,Kamurocho
Kyoka and Takashi,Kiryu Kazuma,Yakuza Kiwami,Kamurocho
The Medicine Goes Down,Kiryu Kazuma,Yakuza Kiwami,Kamurocho
The B-King's Misfortune,Kiryu Kazuma,Yakuza Kiwami,Kamurocho
The Cell Phone Plan,Kiryu Kazuma,Yakuza Kiwami,Kamurocho
Yakuza on the Run,Kiryu Kazuma,Yakuza Kiwami,Kamurocho
Bad Boy in Blue,Kiryu Kazuma,Yakuza Kiwami,Kamurocho
Of Luck and Debt,Kiryu Kazuma,Yakuza Kiwami,Kamurocho
The Last Assassin,Kiryu Kazuma,Yakuza Kiwami,Kamurocho
Crisis on the Crapper,Kiryu Kazuma,Yakuza Kiwami,Kamurocho
Memories of the Bubble,Kiryu Kazuma,Yakuza Kiwami,Kamurocho
The Rumored Party,Kiryu Kazuma,Yakuza Kiwami,Kamurocho
Searching for the Present,Kiryu Kazuma,Yakuza Kiwami,Kamurocho
Bad Ass Dads,Kiryu Kazuma,Yakuza Kiwami,Kamurocho
"The Value of 2,000 Yen",Kiryu Kazuma,Yakuza Kiwami,Kamurocho
MesuKing: The Queen of Beetles,Kiryu Kazuma,Yakuza Kiwami,Kamurocho
A Goodbye Promise,Kiryu Kazuma,Yakuza Kiwami,Kamurocho
Freedom to Romance,Kiryu Kazuma,Yakuza Kiwami,Kamurocho
The Fighter's Successor,Kiryu Kazuma,Yakuza Kiwami,Kamurocho
Behind the Assassin,Kiryu Kazuma,Yakuza Kiwami,Kamurocho
In Pursuit of Pleasure,Kiryu Kazuma,Yakuza Kiwami,Kamurocho
Komaki Style: Shot Stopper,Kiryu Kazuma,Yakuza Kiwami,Kamurocho
Komaki Style: Swordsmanship,Kiryu Kazuma,Yakuza Kiwami,Kamurocho
Komaki Style: Roundhouse Attack,Kiryu Kazuma,Yakuza Kiwami,Kamurocho
Komaki Style: Cat-Like Reflexes,Kiryu Kazuma,Yakuza Kiwami,Kamurocho
Komaki Style: Clear-Minded Mastery,Kiryu Kazuma,Yakuza Kiwami,Kamurocho
Komaki Style: Evade and Strike,Kiryu Kazuma,Yakuza Kiwami,Kamurocho
Komaki Style: Dharma Tumbler,Kiryu Kazuma,Yakuza Kiwami,Kamurocho
Komaki Style: Fist Reversal,Kiryu Kazuma,Yakuza Kiwami,Kamurocho
Komaki Style: Knock Back,Kiryu Kazuma,Yakuza Kiwami,Kamurocho
Komaki Style: Tiger Drop,Kiryu Kazuma,Yakuza Kiwami,Kamurocho
Komaki Style: Parry,Kiryu Kazuma,Yakuza Kiwami,Kamurocho
Practice Match with Professor,Kiryu Kazuma,Yakuza Kiwami,Kamurocho
First Rival,Kiryu Kazuma,Yakuza Kiwami,Kamurocho
Private Lesson,Kiryu Kazuma,Yakuza Kiwami,Kamurocho
As Long as There's Love,Kiryu Kazuma,Yakuza Kiwami,Kamurocho
Time for a Raid!,Kiryu Kazuma,Yakuza Kiwami,Kamurocho
The Professor's Past,Kiryu Kazuma,Yakuza Kiwami,Kamurocho
The Professor's Past 2,Kiryu Kazuma,Yakuza Kiwami,Kamurocho
Enjoying it With Everyone,Kiryu Kazuma,Yakuza Kiwami,Kamurocho
Battle for the MesuKing Throne,Kiryu Kazuma,Yakuza Kiwami,Kamurocho
Be My Baby,Kiryu Kazuma,Yakuza Kiwami 2,Kamurocho
The Legendary Dragon,Kiryu Kazuma,Yakuza Kiwami 2,Kamurocho
Embracing My True Self,Kiryu Kazuma,Yakuza Kiwami 2,Kamurocho
Rooftop Revenge,Kiryu Kazuma,Yakuza Kiwami 2,Kamurocho
Supporting Sunflower,Kiryu Kazuma,Yakuza Kiwami 2,Kamurocho
Renovating Sunflower,Kiryu Kazuma,Yakuza Kiwami 2,Kamurocho
Sunflower in Bloom,Kiryu Kazuma,Yakuza Kiwami 2,Kamurocho
Mr. Try and Hit Me,Kiryu Kazuma,Yakuza Kiwami 2,Kamurocho
An Eccentric Errand,Kiryu Kazuma,Yakuza Kiwami 2,Kamurocho
Smart Futures,Kiryu Kazuma,Yakuza Kiwami 2,Kamurocho
Kamurocho Forestry Association,Kiryu Kazuma,Yakuza Kiwami 2,Kamurocho
The Cabaret Killer,Kiryu Kazuma,Yakuza Kiwami 2,Kamurocho
Rags to Riches,Kiryu Kazuma,Yakuza Kiwami 2,Kamurocho
A Whirlwind Dirt Tour,Kiryu Kazuma,Yakuza Kiwami 2,Kamurocho
Rising from the Shadows,Kiryu Kazuma,Yakuza Kiwami 2,Kamurocho
Secret Stash,Kiryu Kazuma,Yakuza Kiwami 2,Kamurocho
Beam's Backroom Cache,Kiryu Kazuma,Yakuza Kiwami 2,Kamurocho
Welcome to the Modern Age,Kiryu Kazuma,Yakuza Kiwami 2,Kamurocho
We're All in This Together,Kiryu Kazuma,Yakuza Kiwami 2,Kamurocho
Living The American Dream,Kiryu Kazuma,Yakuza Kiwami 2,Kamurocho
Against All Odds,Kiryu Kazuma,Yakuza Kiwami 2,Kamurocho
To the Dragon Palace,Kiryu Kazuma,Yakuza Kiwami 2,Kamurocho
Granny in Peril,Kiryu Kazuma,Yakuza Kiwami 2,Kamurocho
A Pervy Peddler,Kiryu Kazuma,Yakuza Kiwami 2,Kamurocho
An Eye for Work,Kiryu Kazuma,Yakuza Kiwami 2,Kamurocho
An Eye for Meat,Kiryu Kazuma,Yakuza Kiwami 2,Kamurocho
An Eye for Power,Kiryu Kazuma,Yakuza Kiwami 2,Kamurocho
Feel the Heat!,Kiryu Kazuma,Yakuza Kiwami 2,Kamurocho
Komaki Fist Reversal,Kiryu Kazuma,Yakuza Kiwami 2,Kamurocho
Komaki Firearm Flip,Kiryu Kazuma,Yakuza Kiwami 2,Kamurocho
Duel with the Mentor,Kiryu Kazuma,Yakuza Kiwami 2,Kamurocho
Befriending the Barker,Kiryu Kazuma,Yakuza Kiwami 2,Kamurocho
Mama Under Attack,Kiryu Kazuma,Yakuza Kiwami 2,Kamurocho
A Soupy Sidekick,Kiryu Kazuma,Yakuza Kiwami 2,Kamurocho
Exhausted on the Job,Kiryu Kazuma,Yakuza Kiwami 2,Kamurocho
Knee Deep in Trouble,Kiryu Kazuma,Yakuza Kiwami 2,Kamurocho
A High Energy Worker,Kiryu Kazuma,Yakuza Kiwami 2,Kamurocho
Kazuya Amon,Kiryu Kazuma,Yakuza Kiwami 2,Kamurocho
Jiro Amon,Kiryu Kazuma,Yakuza Kiwami 2,Kamurocho
Sango Amon,Kiryu Kazuma,Yakuza Kiwami 2,Kamurocho
The Ultimate Assassin,Kiryu Kazuma,Yakuza Kiwami 2,Kamurocho
Kiryu the Bouncer,Kiryu Kazuma,Yakuza Kiwami 2,Kamurocho
Lend A Claw,Kiryu Kazuma,Yakuza Kiwami 2,Sotenbori
Overwhelming Affluence,Kiryu Kazuma,Yakuza Kiwami 2,Sotenbori
The Charming Councilor,Kiryu Kazuma,Yakuza Kiwami 2,Sotenbori
That's No Joke,Kiryu Kazuma,Yakuza Kiwami 2,Sotenbori
Stolen,Kiryu Kazuma,Yakuza Kiwami 2,Sotenbori
The Hunt for Tatsu,Kiryu Kazuma,Yakuza Kiwami 2,Sotenbori
The Obatarian Strikes Again,Kiryu Kazuma,Yakuza Kiwami 2,Sotenbori
The Man Who Can't Sing,Kiryu Kazuma,Yakuza Kiwami 2,Sotenbori
The Woman Who Can't Play,Kiryu Kazuma,Yakuza Kiwami 2,Sotenbori
Crazy for Cathy,Kiryu Kazuma,Yakuza Kiwami 2,Sotenbori
The Elusive Model 12,Kiryu Kazuma,Yakuza Kiwami 2,Sotenbori
Clearing the Fog,Kiryu Kazuma,Yakuza Kiwami 2,Sotenbori
Yakuza Sunset,Kiryu Kazuma,Yakuza Kiwami 2,Sotenbori
In the Name of Art,Kiryu Kazuma,Yakuza Kiwami 2,Sotenbori
"Kazuma Kiryu, Professional Voice Actor",Kiryu Kazuma,Yakuza Kiwami 2,Sotenbori
Albatross Akagi's Challenge,Kiryu Kazuma,Yakuza Kiwami 2,Sotenbori
A Nose for Music,Kiryu Kazuma,Yakuza Kiwami 2,Sotenbori
Helping The Barker,Kiryu Kazuma,Yakuza Kiwami 2,Sotenbori
An Ancient Rivalry,Kiryu Kazuma,Yakuza Kiwami 2,Sotenbori
"Granny's Request, Part 1",Kiryu Kazuma,Yakuza Kiwami 2,Sotenbori
"Granny's Request, Part 2",Kiryu Kazuma,Yakuza Kiwami 2,Kamurocho
"Granny's Request, Part 3",Kiryu Kazuma,Yakuza Kiwami 2,Kamurocho
No Means No,Kiryu Kazuma,Yakuza Kiwami 2,Sotenbori
A Mother's Love,Kiryu Kazuma,Yakuza Kiwami 2,Sotenbori
The Sharpest Blade,Kiryu Kazuma,Yakuza Kiwami 2,Sotenbori
Overcoming Your Fears,Kiryu Kazuma,Yakuza Kiwami 2,Sotenbori
Operation Panty Bait,Kiryu Kazuma,Yakuza Kiwami 2,Sotenbori
What Was Passed Down,Kiryu Kazuma,Yakuza Kiwami 2,Sotenbori
"Aika, the Party Queen",Kiryu Kazuma,Yakuza Kiwami 2,Sotenbori
Something Important,Kiryu Kazuma,Yakuza Kiwami 2,Sotenbori
Big Scoop: Yua in Love!?,Kiryu Kazuma,Yakuza Kiwami 2,Sotenbori
Foil the Wedding Fraud!,Kiryu Kazuma,Yakuza Kiwami 2,Sotenbori
Treat Me Right,Kiryu Kazuma,Yakuza Kiwami 2,Sotenbori
Date's Pride,Kiryu Kazuma,Yakuza 3,Kamurocho
Two Fathers,Kiryu Kazuma,Yakuza 3,Okinawa
Dotting the Eye,Kiryu Kazuma,Yakuza 3,Kamurocho
Early Honeymoon,Kiryu Kazuma,Yakuza 3,Okinawa
Silver Screen Dragon,Kiryu Kazuma,Yakuza 3,Kamurocho
The Comforting Yakuza,Kiryu Kazuma,Yakuza 3,Kamurocho
Murder at Café Alps,Kiryu Kazuma,Yakuza 3,Kamurocho
Another Stardust,Kiryu Kazuma,Yakuza 3,Kamurocho
The Seven Mysteries of Ryukyu 1,Kiryu Kazuma,Yakuza 3,Okinawa
The Seven Mysteries of Ryukyu 2,Kiryu Kazuma,Yakuza 3,Okinawa
The Seven Mysteries of Ryukyu 3,Kiryu Kazuma,Yakuza 3,Okinawa
The Seven Mysteries of Ryukyu 4,Kiryu Kazuma,Yakuza 3,Okinawa
The Seven Mysteries of Ryukyu 5,Kiryu Kazuma,Yakuza 3,Okinawa
The Seven Mysteries of Ryukyu 6,Kiryu Kazuma,Yakuza 3,Okinawa
The Seven Mysteries of Ryukyu 7,Kiryu Kazuma,Yakuza 3,Okinawa
Instant Ramen Takes Time,Kiryu Kazuma,Yakuza 3,Kamurocho
Yamashita Treasure Hunt,Kiryu Kazuma,Yakuza 3,Okinawa
Bottled Love,Kiryu Kazuma,Yakuza 3,Okinawa
A Boy and his Balloon,Kiryu Kazuma,Yakuza 3,Kamurocho
Rough Draft,Kiryu Kazuma,Yakuza 3,Kamurocho
Il in Theater Square,Kiryu Kazuma,Yakuza 3,Kamurocho
Shisa Shakedown,Kiryu Kazuma,Yakuza 3,Okinawa
Nonstop Stalkers,Kiryu Kazuma,Yakuza 3,Kamurocho
Kiryu the Collector,Kiryu Kazuma,Yakuza 3,Kamurocho
Manga Mania,Kiryu Kazuma,Yakuza 3,Kamurocho
Rookie's Dilemma,Kiryu Kazuma,Yakuza 3,Kamurocho
Fast Food for the Heart,Kiryu Kazuma,Yakuza 3,Okinawa
Out of His League,Kiryu Kazuma,Yakuza 3,Okinawa
Robbing the Orphanage,Kiryu Kazuma,Yakuza 3,Okinawa
Reckoning,Kiryu Kazuma,Yakuza 3,Okinawa
Mr. Try and Hit Me Again,Kiryu Kazuma,Yakuza 3,Kamurocho
Mr. Try and Flee Me,Kiryu Kazuma,Yakuza 3,Kamurocho
Mr. Try and Catch Me,Kiryu Kazuma,Yakuza 3,Kamurocho
Morning Glory Hide-and-Seek,Kiryu Kazuma,Yakuza 3,Okinawa
The Old Man's Memories,Kiryu Kazuma,Yakuza 3,Kamurocho
Suspicious Spouses,Kiryu Kazuma,Yakuza 3,Kamurocho
Catch Those Shoplifters!,Kiryu Kazuma,Yakuza 3,Kamurocho
Temptation,Kiryu Kazuma,Yakuza 3,Okinawa
Sea Bream Strongarm,Kiryu Kazuma,Yakuza 3,Okinawa
Bag That Snatcher,Kiryu Kazuma,Yakuza 3,Okinawa
The Iriomote Incident,Kiryu Kazuma,Yakuza 3,Okinawa
Mikio's Munchathon,Kiryu Kazuma,Yakuza 3,Okinawa
Hit-and-Stop,Kiryu Kazuma,Yakuza 3,Okinawa
Hor D'oeuvres,Kiryu Kazuma,Yakuza 3,Kamurocho
Appetizer,Kiryu Kazuma,Yakuza 3,Kamurocho
Main Course,Kiryu Kazuma,Yakuza 3,Kamurocho
Dessert,Kiryu Kazuma,Yakuza 3,Okinawa
Under the Table,Kiryu Kazuma,Yakuza 3,Okinawa
Riled Riders,Kiryu Kazuma,Yakuza 3,Kamurocho
I Want to Go to Tokyo 1,Kiryu Kazuma,Yakuza 3,Okinawa
I Want to Go to Tokyo 2,Kiryu Kazuma,Yakuza 3,Kamurocho
I Want to Go to Tokyo 3,Kiryu Kazuma,Yakuza 3,Okinawa
Barking up the Wrong Tree,Kiryu Kazuma,Yakuza 3,Kamurocho
Ghosts from the Past,Kiryu Kazuma,Yakuza 3,Kamurocho
Lost and Found,Kiryu Kazuma,Yakuza 3,Okinawa
The Distiller's Treasure,Kiryu Kazuma,Yakuza 3,Okinawa
Return to the Dragon Palace,Kiryu Kazuma,Yakuza 3,Kamurocho
Missed Caller,Kiryu Kazuma,Yakuza 3,Kamurocho
The Tuna Fund,Kiryu Kazuma,Yakuza 3,Kamurocho
Chic Snatcher,Kiryu Kazuma,Yakuza 3,Kamurocho
Walking the Plank,Kiryu Kazuma,Yakuza 3,Okinawa
Chumming the Waters,Kiryu Kazuma,Yakuza 3,Okinawa
Thrown to the Loan Sharks,Kiryu Kazuma,Yakuza 3,Okinawa
The Con Menace,Kiryu Kazuma,Yakuza 3,Okinawa
The Con Wars,Kiryu Kazuma,Yakuza 3,Okinawa
Revenge of the Con Men,Kiryu Kazuma,Yakuza 3,Okinawa
A New Con,Kiryu Kazuma,Yakuza 3,Kamurocho
Mars Fighters in Tokyo,Kiryu Kazuma,Yakuza 3,Kamurocho
Bargain Sale,Kiryu Kazuma,Yakuza 3,Kamurocho
The Returnee,Kiryu Kazuma,Yakuza 3,Kamurocho
Disconnected,Kiryu Kazuma,Yakuza 3,Kamurocho
Stealing from the Dragon's Hoard,Kiryu Kazuma,Yakuza 3,Kamurocho
Anything for Grandma's Love,Kiryu Kazuma,Yakuza 3,Kamurocho
Lasagna at Large,Kiryu Kazuma,Yakuza 3,Kamurocho
Your Fortunes Told Here,Kiryu Kazuma,Yakuza 3,Kamurocho
Watch Out for Renovations,Kiryu Kazuma,Yakuza 3,Kamurocho
A Lost Key,Kiryu Kazuma,Yakuza 3,Okinawa
Death Bowler,Kiryu Kazuma,Yakuza 3,Kamurocho
Last Month's Winner,Kiryu Kazuma,Yakuza 3,Kamurocho
Kiryu the Pickpocket!?,Kiryu Kazuma,Yakuza 3,Kamurocho
A Melting Heart,Kiryu Kazuma,Yakuza 3,Okinawa
As the Rose Balsam Blooms,Kiryu Kazuma,Yakuza 3,Okinawa
Water Purifiers,Kiryu Kazuma,Yakuza 3,Kamurocho
Ramen's No. 1 Star,Kiryu Kazuma,Yakuza 3,Kamurocho
Queen of Kamurocho,Kiryu Kazuma,Yakuza 3,Kamurocho
Convenient Robbery,Kiryu Kazuma,Yakuza 3,Kamurocho
Delivery Race,Kiryu Kazuma,Yakuza 3,Okinawa
High-Tech Peeping Tom,Kiryu Kazuma,Yakuza 3,Kamurocho
Bouncers Needed,Kiryu Kazuma,Yakuza 3,Kamurocho
The First Bouncer,Kiryu Kazuma,Yakuza 3,Kamurocho
The Second Bouncer,Kiryu Kazuma,Yakuza 3,Kamurocho
The Third Bouncer,Kiryu Kazuma,Yakuza 3,Kamurocho
The Fourth Bouncer,Kiryu Kazuma,Yakuza 3,Kamurocho
The Fifth Bouncer,Kiryu Kazuma,Yakuza 3,Kamurocho
"New Dog, New Tricks: Sit",Kiryu Kazuma,Yakuza 3,Okinawa
"New Dog, New Tricks: Turn Around",Kiryu Kazuma,Yakuza 3,Okinawa
"New Dog, New Tricks: Fetch",Kiryu Kazuma,Yakuza 3,Okinawa
Let's Learn English 1,Kiryu Kazuma,Yakuza 3,Okinawa
Let's Learn English 2,Kiryu Kazuma,Yakuza 3,Okinawa
Let's Learn English 3,Kiryu Kazuma,Yakuza 3,Okinawa
Let's Learn English 4,Kiryu Kazuma,Yakuza 3,Okinawa
Straight to the Top!,Kiryu Kazuma,Yakuza 3,Okinawa
They Never Learn,Kiryu Kazuma,Yakuza 3,Kamurocho
The Fate of the 30 Million Yen,Akiyama Shun,Yakuza 4,Kamurocho
Counterfeit Bills,Akiyama Shun,Yakuza 4,Kamurocho
Layoff Already,Akiyama Shun,Yakuza 4,Kamurocho
The Apprentice,Akiyama Shun,Yakuza 4,Kamurocho
The Apprentice: Part 2,Akiyama Shun,Yakuza 4,Kamurocho
A Wife's Concern,Akiyama Shun,Yakuza 4,Kamurocho
Tricks of the Trade,Akiyama Shun,Yakuza 4,Kamurocho
Gourmet Reporter,Akiyama Shun,Yakuza 4,Kamurocho
Art of Scouting,Akiyama Shun,Yakuza 4,Kamurocho
Make it Big With FX,Akiyama Shun,Yakuza 4,Kamurocho
Beware of Imposters,Akiyama Shun,Yakuza 4,Kamurocho
Pimp My Otaku,Akiyama Shun,Yakuza 4,Kamurocho
Hostess Training,Akiyama Shun,Yakuza 4,Kamurocho
How to Spend Money,Akiyama Shun,Yakuza 4,Kamurocho
Lonely Hana,Akiyama Shun,Yakuza 4,Kamurocho
Akiyama vs. Hostess Clubs,Akiyama Shun,Yakuza 4,Kamurocho
Ryugujo Bouncer,Saejima Taiga,Yakuza 4,Kamurocho
Green Shadow,Saejima Taiga,Yakuza 4,Kamurocho
Brother and Sister 1,Saejima Taiga,Yakuza 4,Kamurocho
Brother and Sister 2,Saejima Taiga,Yakuza 4,Kamurocho
Brother and Sister 3,Saejima Taiga,Yakuza 4,Kamurocho
Brother and Sister 4,Saejima Taiga,Yakuza 4,Kamurocho
Bodyguard,Saejima Taiga,Yakuza 4,Kamurocho
25 Years,Saejima Taiga,Yakuza 4,Kamurocho
Speechless,Saejima Taiga,Yakuza 4,Kamurocho
Mother and Child,Saejima Taiga,Yakuza 4,Kamurocho
Nice Catch,Saejima Taiga,Yakuza 4,Kamurocho
The Homeless Men and the Cats,Saejima Taiga,Yakuza 4,Kamurocho
Reason for Revenge,Saejima Taiga,Yakuza 4,Kamurocho
Running Woman,Saejima Taiga,Yakuza 4,Kamurocho
"Old Yakuza, New Tricks",Saejima Taiga,Yakuza 4,Kamurocho
Be My Boyfriend?,Tanimura Masayoshi,Yakuza 4,Kamurocho
A Dangerous Game,Tanimura Masayoshi,Yakuza 4,Kamurocho
Another Case,Tanimura Masayoshi,Yakuza 4,Kamurocho
Clues,Tanimura Masayoshi,Yakuza 4,Kamurocho
Burning Bridges,Tanimura Masayoshi,Yakuza 4,Kamurocho
Successor,Tanimura Masayoshi,Yakuza 4,Kamurocho
Looking Down,Tanimura Masayoshi,Yakuza 4,Kamurocho
The Mixer,Tanimura Masayoshi,Yakuza 4,Kamurocho
The Witness,Tanimura Masayoshi,Yakuza 4,Kamurocho
Kamurocho Culture,Tanimura Masayoshi,Yakuza 4,Kamurocho
Car Thieves,Tanimura Masayoshi,Yakuza 4,Kamurocho
Gambler's Blues,Tanimura Masayoshi,Yakuza 4,Kamurocho
Letter to Mei Hua,Tanimura Masayoshi,Yakuza 4,Kamurocho
Stolen Funds,Tanimura Masayoshi,Yakuza 4,Kamurocho
Voiceless Cries,Tanimura Masayoshi,Yakuza 4,Kamurocho
Tanimura vs. Hostess Clubs,Tanimura Masayoshi,Yakuza 4,Kamurocho
White Lie,Kiryu Kazuma,Yakuza 4,Kamurocho
Kiryu the Babysitter,Kiryu Kazuma,Yakuza 4,Kamurocho
Becoming Family,Kiryu Kazuma,Yakuza 4,Kamurocho
Yuya's Way,Kiryu Kazuma,Yakuza 4,Kamurocho
A Doctor's Pledge,Kiryu Kazuma,Yakuza 4,Kamurocho
Color Gangs,Kiryu Kazuma,Yakuza 4,Kamurocho
Floriography,Kiryu Kazuma,Yakuza 4,Kamurocho
The Twist is Back in Style,Kiryu Kazuma,Yakuza 4,Kamurocho
The Hills Have Noise,Kiryu Kazuma,Yakuza 4,Kamurocho
Kotaro Gets a Job,Kiryu Kazuma,Yakuza 4,Kamurocho
Kiryu vs Hostess Clubs,Kiryu Kazuma,Yakuza 4,Kamurocho
Urban Hero,Kiryu Kazuma,Yakuza 4,Kamurocho
Return of Fake Kiryu,Kiryu Kazuma,Yakuza 4,Kamurocho
Curry Adventure,Kiryu Kazuma,Yakuza 4,Kamurocho
Master vs. Apprentice,Kiryu Kazuma,Yakuza 4,Kamurocho
Amon,Kiryu Kazuma,Yakuza 4,Kamurocho
From a Far-off Land,Kiryu Kazuma,Yakuza 5,Nagasugai
Taxi SOS,Kiryu Kazuma,Yakuza 5,Nagasugai
King of the Mixer,Kiryu Kazuma,Yakuza 5,Nagasugai
Hunt for the Kidnapper,Kiryu Kazuma,Yakuza 5,Nagasugai
Another Haruka,Kiryu Kazuma,Yakuza 5,Nagasugai
Cyberterrorism,Kiryu Kazuma,Yakuza 5,Nagasugai
Kiryu the Actor,Kiryu Kazuma,Yakuza 5,Nagasugai
A Chance Meeting,Kiryu Kazuma,Yakuza 5,Nagasugai
A Knock on the Door,Kiryu Kazuma,Yakuza 5,Nagasugai
Dragon Seafood Rice Bowl,Kiryu Kazuma,Yakuza 5,Nagasugai
The Spangled Meteor,Kiryu Kazuma,Yakuza 5,Nagasugai
Dragon Mask Redux,Kiryu Kazuma,Yakuza 5,Nagasugai
A Plea to the Gods,Kiryu Kazuma,Yakuza 5,Nagasugai
Fast Food!,Kiryu Kazuma,Yakuza 5,Nagasugai
Got to be Firm,Kiryu Kazuma,Yakuza 5,Nagasugai
Mack Returns,Kiryu Kazuma,Yakuza 5,Nagasugai
Amon,Kiryu Kazuma,Yakuza 5,Nagasugai
The Perfect Seasoning,Kiryu Kazuma,Yakuza 5,Kamurocho
Truth and Lies,Saejima Taiga,Yakuza 5,Tsukimino
Snow Festival Performer,Saejima Taiga,Yakuza 5,Tsukimino
Pursuer and Pursued,Saejima Taiga,Yakuza 5,Tsukimino
A Familiar Dojo,Saejima Taiga,Yakuza 5,Kamurocho
A Special Place,Saejima Taiga,Yakuza 5,Kamurocho
The Santa Hunters,Saejima Taiga,Yakuza 5,Tsukimino
Snow Festival Map,Saejima Taiga,Yakuza 5,Tsukimino
Dreams of the Big City,Saejima Taiga,Yakuza 5,Mountain Village
Gourmet Traveler,Saejima Taiga,Yakuza 5,Tsukimino
The Ultimate in Warmth,Saejima Taiga,Yakuza 5,Tsukimino
Set Free,Saejima Taiga,Yakuza 5,Tsukimino
The Little Match Girl,Saejima Taiga,Yakuza 5,Tsukimino
The Frozen City,Saejima Taiga,Yakuza 5,Tsukimino
Slip and Slide,Saejima Taiga,Yakuza 5,Tsukimino
Winter Combat,Saejima Taiga,Yakuza 5,Tsukimino
The Letters,Sawamura Haruka,Yakuza 5,Sotenbori
A Source of Strength,Sawamura Haruka,Yakuza 5,Sotenbori
Lost Dreams,Sawamura Haruka,Yakuza 5,Kamurocho
A Normal Life,Sawamura Haruka,Yakuza 5,Sotenbori
Manager for a Day,Sawamura Haruka,Yakuza 5,Sotenbori
The Announcer School,Sawamura Haruka,Yakuza 5,Sotenbori
Gourmet Reporter,Sawamura Haruka,Yakuza 5,Sotenbori
SBR99,Sawamura Haruka,Yakuza 5,Sotenbori
Starbound,Sawamura Haruka,Yakuza 5,Sotenbori
Light and Dark,Sawamura Haruka,Yakuza 5,Sotenbori
Magical Haruka,Sawamura Haruka,Yakuza 5,Sotenbori
Autograph Session,Sawamura Haruka,Yakuza 5,Sotenbori
Watami vs. Watamin-chi,Sawamura Haruka,Yakuza 5,Sotenbori
Find the Paparazzi,Sawamura Haruka,Yakuza 5,Sotenbori
Aspiring Comedians,Sawamura Haruka,Yakuza 5,Sotenbori
Giving up on a Dream,Akiyama Shun,Yakuza 5,Sotenbori
Money and Pride,Akiyama Shun,Yakuza 5,Sotenbori
A Moneylender's Principles,Akiyama Shun,Yakuza 5,Sotenbori
New in Town,Akiyama Shun,Yakuza 5,Sotenbori
A Quirky Idol,Akiyama Shun,Yakuza 5,Sotenbori
Haggle Wars,Akiyama Shun,Yakuza 5,Sotenbori
The Stalker,Akiyama Shun,Yakuza 5,Sotenbori
Geriatric Dance-Off,Akiyama Shun,Yakuza 5,Sotenbori
Okonomiyaki Performer,Akiyama Shun,Yakuza 5,Sotenbori
Dancin' Akiyama,Akiyama Shun,Yakuza 5,Sotenbori
A Stubborn Old Man,Akiyama Shun,Yakuza 5,Sotenbori
Treats from All Over,Akiyama Shun,Yakuza 5,Kamurocho
Bad Boys,Akiyama Shun,Yakuza 5,Kamurocho
Subsidized Relationships,Akiyama Shun,Yakuza 5,Sotenbori
The Cursed PrintCircle,Akiyama Shun,Yakuza 5,Sotenbori
Dirty Heart,Shinada Tatsuo,Yakuza 5,Kineicho
Daddy Papa,Shinada Tatsuo,Yakuza 5,Kineicho
Saving Yourself,Shinada Tatsuo,Yakuza 5,Kineicho
Want to Party?,Shinada Tatsuo,Yakuza 5,Kineicho
The Sweet Spot,Shinada Tatsuo,Yakuza 5,Kineicho
Shinada's Interview,Shinada Tatsuo,Yakuza 5,Kineicho
Next!,Shinada Tatsuo,Yakuza 5,Kineicho
Miki's Job,Shinada Tatsuo,Yakuza 5,Kineicho
Getting it Sorted,Shinada Tatsuo,Yakuza 5,Kineicho
A Precious Meal,Shinada Tatsuo,Yakuza 5,Kineicho
The Old Scout's Eyes,Shinada Tatsuo,Yakuza 5,Kineicho
The Scoop Photo,Shinada Tatsuo,Yakuza 5,Kineicho
Get Out the Vote,Shinada Tatsuo,Yakuza 5,Kineicho
Shinada the Store Clerk,Shinada Tatsuo,Yakuza 5,Kineicho
Getting Rich Quick,Shinada Tatsuo,Yakuza 5,Kineicho
The Kabedon Prince,Kiryu Kazuma,Yakuza 6,Kamurocho
"Hey, It's Me!",Kiryu Kazuma,Yakuza 6,Kamurocho
Haruka's Biggest Fan,Kiryu Kazuma,Yakuza 6,Kamurocho
Runaway Robot,Kiryu Kazuma,Yakuza 6,Kamurocho
"I, Hiji",Kiryu Kazuma,Yakuza 6,Kamurocho
"Like, Comment, Subscribe",Kiryu Kazuma,Yakuza 6,Kamurocho
Follow That Drone!,Kiryu Kazuma,Yakuza 6,Kamurocho
Baring Their Fangs,Kiryu Kazuma,Yakuza 6,Kamurocho
A Rivalry Reborn,Kiryu Kazuma,Yakuza 6,Kamurocho
Swipe Right,Kiryu Kazuma,Yakuza 6,Kamurocho
Favor for an Old Friend,Kiryu Kazuma,Yakuza 6,Kamurocho
The Legendary Paul Lim,Kiryu Kazuma,Yakuza 6,Kamurocho
Showdown with Paul Lim,Kiryu Kazuma,Yakuza 6,Kamurocho
Face Your Fears,Kiryu Kazuma,Yakuza 6,Kamurocho
A Shady Business,Kiryu Kazuma,Yakuza 6,Kamurocho
Listen to Your Heart,Kiryu Kazuma,Yakuza 6,Kamurocho
Caught in a Love Triangle,Kiryu Kazuma,Yakuza 6,Kamurocho
Hostess with a Heart of Gold,Kiryu Kazuma,Yakuza 6,Kamurocho
Step Up to the Plate,Kiryu Kazuma,Yakuza 6,Kamurocho
A Promise Between Men,Kiryu Kazuma,Yakuza 6,Kamurocho
Look What the Dragon Dragged In,Kiryu Kazuma,Yakuza 6,Kamurocho
The Temptation of Live Chat,Kiryu Kazuma,Yakuza 6,Kamurocho
We’re Committed to Results,Kiryu Kazuma,Yakuza 6,Kamurocho
A Man Rises Up,Kiryu Kazuma,Yakuza 6,Kamurocho
The Fools Who Dream,Kiryu Kazuma,Yakuza 6,Onomichi
Sins of the Father,Kiryu Kazuma,Yakuza 6,Onomichi
Pocket Circuit Fighter Returns,Kiryu Kazuma,Yakuza 6,Onomichi
The Curse of Onomichi,Kiryu Kazuma,Yakuza 6,Onomichi
Oh No! It’s Ono Michio!,Kiryu Kazuma,Yakuza 6,Onomichi
The Ono Michio Show,Kiryu Kazuma,Yakuza 6,Onomichi
Putting on a Brave Face,Kiryu Kazuma,Yakuza 6,Onomichi
The Girl Who Leapt Through Time?,Kiryu Kazuma,Yakuza 6,Onomichi
A Freaky Situation,Kiryu Kazuma,Yakuza 6,Onomichi
Assemble the Team,Kiryu Kazuma,Yakuza 6,Onomichi
We Need a Ringer,Kiryu Kazuma,Yakuza 6,Onomichi
The Sweet Taste of Victory,Kiryu Kazuma,Yakuza 6,Onomichi
Decisive Battle! Jingai Thunders,Kiryu Kazuma,Yakuza 6,Onomichi
The Throne of Onomichi,Kiryu Kazuma,Yakuza 6,Onomichi
True Bonds,Kiryu Kazuma,Yakuza 6,Onomichi
The Joys of Adulthood,Kiryu Kazuma,Yakuza 6,Onomichi
What's the Matter with Kids Today?,Kiryu Kazuma,Yakuza 6,Onomichi
Powerful Memories,Kiryu Kazuma,Yakuza 6,Onomichi
Tech Support,Kiryu Kazuma,Yakuza 6,Onomichi
The Price of Love,Kiryu Kazuma,Yakuza 6,Onomichi
Kaneko's Resolve,Kiryu Kazuma,Yakuza 6,Onomichi
"Thanks For Everything, Mama",Kiryu Kazuma,Yakuza 6,Onomichi
The Old Man and the Sea,Kiryu Kazuma,Yakuza 6,Onomichi
World's Best Octopus,Kiryu Kazuma,Yakuza 6,Onomichi
Deep Blue Sea,Kiryu Kazuma,Yakuza 6,Onomichi
Crisis Management Professional,Kiryu Kazuma,Yakuza 6,Onomichi
Jo Amon,Kiryu Kazuma,Yakuza 6,Onomichi
A Can-Do Attitude,Kasuga Ichiban,Yakuza: Like a Dragon,Isezaki Ijincho
Who's That Sujimon!?,Kasuga Ichiban,Yakuza: Like a Dragon,Isezaki Ijincho
A Golden Opportunity,Kasuga Ichiban,Yakuza: Like a Dragon,Isezaki Ijincho
One Man's Trash...,Kasuga Ichiban,Yakuza: Like a Dragon,Isezaki Ijincho
A Trip to Pound Town,Kasuga Ichiban,Yakuza: Like a Dragon,Isezaki Ijincho
It's the Thought that Counts,Kasuga Ichiban,Yakuza: Like a Dragon,Isezaki Ijincho
Baby Don't Cry,Kasuga Ichiban,Yakuza: Like a Dragon,Isezaki Ijincho
Old Cinema Paradiso,Kasuga Ichiban,Yakuza: Like a Dragon,Isezaki Ijincho
Persimmon Premonition,Kasuga Ichiban,Yakuza: Like a Dragon,Isezaki Ijincho
Fast Times at Ounabara,Kasuga Ichiban,Yakuza: Like a Dragon,Isezaki Ijincho
Certified Underdogs,Kasuga Ichiban,Yakuza: Like a Dragon,Isezaki Ijincho
Part-time Hero,Kasuga Ichiban,Yakuza: Like a Dragon,Isezaki Ijincho
Nowhere to Go but Up,Kasuga Ichiban,Yakuza: Like a Dragon,Isezaki Ijincho
Something Worth Protecting,Kasuga Ichiban,Yakuza: Like a Dragon,Isezaki Ijincho
Ijincho's Safety Net,Kasuga Ichiban,Yakuza: Like a Dragon,Isezaki Ijincho
The Crawfish Caper,Kasuga Ichiban,Yakuza: Like a Dragon,Isezaki Ijincho
A Love Worth Fighting For,Kasuga Ichiban,Yakuza: Like a Dragon,Isezaki Ijincho
Home Run Heroism,Kasuga Ichiban,Yakuza: Like a Dragon,Isezaki Ijincho
"Bubble, Bubble Toil and Trouble",Kasuga Ichiban,Yakuza: Like a Dragon,Isezaki Ijincho
Table for One,Kasuga Ichiban,Yakuza: Like a Dragon,Isezaki Ijincho
Dumpster of Demise,Kasuga Ichiban,Yakuza: Like a Dragon,Isezaki Ijincho
An Act of Kindness,Kasuga Ichiban,Yakuza: Like a Dragon,Isezaki Ijincho
Warmest Wishes,Kasuga Ichiban,Yakuza: Like a Dragon,Isezaki Ijincho
Fifty Shades of Play,Kasuga Ichiban,Yakuza: Like a Dragon,Isezaki Ijincho
A Fading Star,Kasuga Ichiban,Yakuza: Like a Dragon,Isezaki Ijincho
The Masked Murderer,Kasuga Ichiban,Yakuza: Like a Dragon,Isezaki Ijincho
The Miracle of Spice,Kasuga Ichiban,Yakuza: Like a Dragon,Isezaki Ijincho
Tour Guide Turmoil,Kasuga Ichiban,Yakuza: Like a Dragon,Isezaki Ijincho
The Michio Minefield,Kasuga Ichiban,Yakuza: Like a Dragon,Isezaki Ijincho
Fauxno Michio,Kasuga Ichiban,Yakuza: Like a Dragon,Isezaki Ijincho
"Like Father, Like Son",Kasuga Ichiban,Yakuza: Like a Dragon,Isezaki Ijincho
Forget Me Not,Kasuga Ichiban,Yakuza: Like a Dragon,Isezaki Ijincho
The Traffic Census Sensei,Kasuga Ichiban,Yakuza: Like a Dragon,Isezaki Ijincho
Bros Till the End,Kasuga Ichiban,Yakuza: Like a Dragon,Isezaki Ijincho
Preparing To Suck,Kasuga Ichiban,Yakuza: Like a Dragon,Isezaki Ijincho
Whispers of the Underworld,Kasuga Ichiban,Yakuza: Like a Dragon,Isezaki Ijincho
Ringleader Roundup: Bear Blues,Kasuga Ichiban,Yakuza: Like a Dragon,Isezaki Ijincho
Ringleader Roundup: Tiger Takeover,Kasuga Ichiban,Yakuza: Like a Dragon,Isezaki Ijincho
Ringleader Roundup: Chimp Calamity,Kasuga Ichiban,Yakuza: Like a Dragon,Isezaki Ijincho
Welcome to Dragon Kart!,Kasuga Ichiban,Yakuza: Like a Dragon,Isezaki Ijincho
Two-Headed Bomb,Kasuga Ichiban,Yakuza: Like a Dragon,Isezaki Ijincho
The Rocket Girls,Kasuga Ichiban,Yakuza: Like a Dragon,Isezaki Ijincho
The Data Drifter,Kasuga Ichiban,Yakuza: Like a Dragon,Isezaki Ijincho
Biker Blitz,Kasuga Ichiban,Yakuza: Like a Dragon,Isezaki Ijincho
One Hell of a Racer,Kasuga Ichiban,Yakuza: Like a Dragon,Isezaki Ijincho
The World is my Racetrack,Kasuga Ichiban,Yakuza: Like a Dragon,Isezaki Ijincho
Girl of my Dreams,Kasuga Ichiban,Yakuza: Like a Dragon,Isezaki Ijincho
Shared Vision,Kasuga Ichiban,Yakuza: Like a Dragon,Isezaki Ijincho
Certified Lover,Kasuga Ichiban,Yakuza: Like a Dragon,Isezaki Ijincho
Pillow Chat,Kasuga Ichiban,Yakuza: Like a Dragon,Isezaki Ijincho
The Real Me,Kasuga Ichiban,Yakuza: Like a Dragon,Isezaki Ijincho
The Lone Survivor,Kasuga Ichiban,Yakuza: Like a Dragon,Isezaki Ijincho
